{"dani": 15.433078, "N_NO2": 47.041692}